PDB_ID_1,aa_1,chain_1,pos_1,PDB_ID_2,aa_2,chain_2,pos_2,score
7b3o,LEU,E,335,7lm9,LEU,A,322,4.290655136108398
7b3o,CYS,E,336,7lm9,CYS,A,323,5.686796188354492
7b3o,PRO,E,337,7lm9,PRO,A,324,5.633429050445557
7b3o,PHE,E,338,7lm9,PHE,A,325,5.903336048126221
7b3o,GLY,E,339,7lm9,GLY,A,326,5.801634788513184
7b3o,GLU,E,340,7lm9,GLU,A,327,5.723906517028809
7b3o,VAL,E,341,7lm9,VAL,A,328,5.826644420623779
7b3o,PHE,E,342,7lm9,PHE,A,329,5.7015180587768555
7b3o,ASN,E,343,7lm9,ASN,A,330,5.7430291175842285
7b3o,ALA,E,344,7lm9,ALA,A,331,5.667158603668213
7b3o,THR,E,345,7lm9,THR,A,332,5.769739151000977
7b3o,ARG,E,346,7lm9,LYS,A,333,5.769643783569336
7b3o,PHE,E,347,7lm9,PHE,A,334,5.735870838165283
7b3o,ALA,E,348,7lm9,PRO,A,335,5.213296413421631
7b3o,SER,E,349,7lm9,SER,A,336,5.598840713500977
7b3o,VAL,E,350,7lm9,VAL,A,337,5.793093204498291
7b3o,TYR,E,351,7lm9,TYR,A,338,5.830347537994385
7b3o,ALA,E,352,7lm9,ALA,A,339,5.720558166503906
7b3o,TRP,E,353,7lm9,TRP,A,340,5.787734031677246
7b3o,ARG,E,355,7lm9,ARG,A,342,5.725455284118652
7b3o,LYS,E,356,7lm9,LYS,A,343,5.51578426361084
7b3o,ARG,E,357,7lm9,LYS,A,344,4.758200645446777
7b3o,ILE,E,358,7lm9,ILE,A,345,4.54390811920166
7b3o,SER,E,359,7lm9,SER,A,346,4.433257102966309
7b3o,ASN,E,360,7lm9,ASN,A,347,4.739126682281494
7b3o,CYS,E,361,7lm9,CYS,A,348,5.384401321411133
7b3o,VAL,E,362,7lm9,VAL,A,349,5.287552833557129
7b3o,ALA,E,363,7lm9,ALA,A,350,5.82141637802124
7b3o,ASP,E,364,7lm9,ASP,A,351,5.739966869354248
7b3o,TYR,E,365,7lm9,TYR,A,352,5.684449672698975
7b3o,SER,E,366,7lm9,SER,A,353,5.805575847625732
7b3o,VAL,E,367,7lm9,VAL,A,354,5.838139533996582
7b3o,LEU,E,368,7lm9,LEU,A,355,5.801364898681641
7b3o,TYR,E,369,7lm9,TYR,A,356,5.679516792297363
7b3o,ASN,E,370,7lm9,ASN,A,357,5.658626079559326
7b3o,SER,E,371,7lm9,SER,A,358,5.56342887878418
7b3o,ALA,E,372,7lm9,THR,A,359,5.464815139770508
7b3o,SER,E,373,7lm9,PHE,A,360,5.393049240112305
7b3o,PHE,E,374,7lm9,PHE,A,361,5.669613361358643
7b3o,SER,E,375,7lm9,SER,A,362,5.625558376312256
7b3o,THR,E,376,7lm9,THR,A,363,5.707935333251953
7b3o,PHE,E,377,7lm9,PHE,A,364,5.748986721038818
7b3o,LYS,E,378,7lm9,LYS,A,365,5.825472831726074
7b3o,CYS,E,379,7lm9,CYS,A,366,5.75297737121582
7b3o,TYR,E,380,7lm9,TYR,A,367,5.799335479736328
7b3o,GLY,E,381,7lm9,GLY,A,368,5.88547420501709
7b3o,VAL,E,382,7lm9,VAL,A,369,5.722073078155518
7b3o,SER,E,383,7lm9,SER,A,370,5.820713996887207
7b3o,PRO,E,384,7lm9,ALA,A,371,5.801290988922119
7b3o,THR,E,385,7lm9,THR,A,372,5.899048328399658
7b3o,LYS,E,386,7lm9,LYS,A,373,5.792981147766113
7b3o,LEU,E,387,7lm9,LEU,A,374,5.754983901977539
7b3o,ASN,E,388,7lm9,ASN,A,375,5.812162399291992
7b3o,ASP,E,389,7lm9,ASP,A,376,5.851734638214111
7b3o,LEU,E,390,7lm9,LEU,A,377,5.696438789367676
7b3o,CYS,E,391,7lm9,CYS,A,378,5.733884811401367
7b3o,PHE,E,392,7lm9,PHE,A,379,5.812707901000977
7b3o,THR,E,393,7lm9,SER,A,380,5.744831085205078
7b3o,ASN,E,394,7lm9,ASN,A,381,5.765954494476318
7b3o,VAL,E,395,7lm9,VAL,A,382,5.8630523681640625
7b3o,TYR,E,396,7lm9,TYR,A,383,5.56043815612793
7b3o,ALA,E,397,7lm9,ALA,A,384,5.7649126052856445
7b3o,ASP,E,398,7lm9,ASP,A,385,5.811307907104492
7b3o,SER,E,399,7lm9,SER,A,386,5.336006164550781
7b3o,PHE,E,400,7lm9,PHE,A,387,5.405112266540527
7b3o,VAL,E,401,7lm9,VAL,A,388,5.453591346740723
7b3o,ILE,E,402,7lm9,VAL,A,389,5.694432258605957
7b3o,ARG,E,403,7lm9,LYS,A,390,5.83328914642334
7b3o,GLY,E,404,7lm9,GLY,A,391,5.635115623474121
7b3o,ASP,E,405,7lm9,ASP,A,392,5.750260829925537
7b3o,GLU,E,406,7lm9,ASP,A,393,5.700717926025391
7b3o,VAL,E,407,7lm9,VAL,A,394,5.939247131347656
7b3o,ARG,E,408,7lm9,ARG,A,395,5.875240802764893
7b3o,GLN,E,409,7lm9,GLN,A,396,5.870841979980469
7b3o,ILE,E,410,7lm9,ILE,A,397,5.791682243347168
7b3o,ALA,E,411,7lm9,ALA,A,398,5.449671268463135
7b3o,PRO,E,412,7lm9,PRO,A,399,5.880653381347656
7b3o,GLY,E,413,7lm9,GLY,A,400,5.363821029663086
7b3o,GLN,E,414,7lm9,GLN,A,401,5.8327202796936035
7b3o,THR,E,415,7lm9,THR,A,402,5.644371509552002
7b3o,GLY,E,416,7lm9,GLY,A,403,5.410961151123047
7b3o,LYS,E,417,7lm9,VAL,A,404,4.169607639312744
7b3o,ILE,E,418,7lm9,ILE,A,405,5.514772891998291
7b3o,ALA,E,419,7lm9,ALA,A,406,5.767622470855713
7b3o,ASP,E,420,7lm9,ASP,A,407,5.622511863708496
7b3o,TYR,E,421,7lm9,TYR,A,408,5.768125534057617
7b3o,ASN,E,422,7lm9,ASN,A,409,5.761821746826172
7b3o,TYR,E,423,7lm9,TYR,A,410,5.816091060638428
7b3o,LYS,E,424,7lm9,LYS,A,411,5.888062477111816
7b3o,LEU,E,425,7lm9,LEU,A,412,5.762333869934082
7b3o,PRO,E,426,7lm9,PRO,A,413,5.504640579223633
7b3o,ASP,E,427,7lm9,ASP,A,414,5.634171962738037
7b3o,ASP,E,428,7lm9,ASP,A,415,5.675141334533691
7b3o,PHE,E,429,7lm9,PHE,A,416,5.518811225891113
7b3o,THR,E,430,7lm9,MET,A,417,5.055952072143555
7b3o,GLY,E,431,7lm9,GLY,A,418,5.834650993347168
7b3o,CYS,E,432,7lm9,CYS,A,419,5.768798828125
7b3o,VAL,E,433,7lm9,VAL,A,420,5.59367036819458
7b3o,ILE,E,434,7lm9,LEU,A,421,5.141469955444336
7b3o,ALA,E,435,7lm9,ALA,A,422,5.636580944061279
7b3o,TRP,E,436,7lm9,TRP,A,423,5.822751045227051
7b3o,ASN,E,437,7lm9,ASN,A,424,5.700893878936768
7b3o,SER,E,438,7lm9,THR,A,425,5.35479736328125
7b3o,ASN,E,439,7lm9,ARG,A,426,5.209618091583252
7b3o,ASN,E,440,7lm9,ASN,A,427,5.35683536529541
7b3o,LEU,E,441,7lm9,ILE,A,428,5.426822662353516
7b3o,ASP,E,442,7lm9,ASP,A,429,4.374746322631836
7b3o,SER,E,443,7lm9,ALA,A,430,2.491459608078003
7b3o,LYS,E,444,7lm9,THR,A,431,2.0034525394439697
7b3o,GLY,E,447,7lm9,GLY,A,434,2.812483787536621
7b3o,ASN,E,448,7lm9,ASN,A,435,3.4866364002227783
7b3o,TYR,E,449,7lm9,HIS,A,436,4.452646255493164
7b3o,ASN,E,450,7lm9,ASN,A,437,5.643093585968018
7b3o,TYR,E,451,7lm9,TYR,A,438,4.054465293884277
7b3o,LEU,E,452,7lm9,LYS,A,439,4.785161018371582
7b3o,TYR,E,453,7lm9,TYR,A,440,4.310363292694092
7b3o,LEU,E,452,7lm9,ARG,A,441,3.0118422508239746
7b3o,ARG,E,454,7lm9,ARG,A,441,3.6891510486602783
7b3o,PHE,E,456,7lm9,LEU,A,443,3.4667487144470215
7b3o,ARG,E,457,7lm9,ARG,A,444,4.152677059173584
7b3o,LYS,E,458,7lm9,HIS,A,445,2.723022937774658
7b3o,SER,E,459,7lm9,GLY,A,446,2.7747509479522705
7b3o,ASN,E,460,7lm9,LYS,A,447,2.8461053371429443
7b3o,LEU,E,461,7lm9,LEU,A,448,4.3777899742126465
7b3o,LYS,E,462,7lm9,ARG,A,449,5.011201858520508
7b3o,PRO,E,463,7lm9,PRO,A,450,4.31618070602417
7b3o,PHE,E,464,7lm9,PHE,A,451,5.756058692932129
7b3o,GLU,E,465,7lm9,GLU,A,452,5.758389472961426
7b3o,ARG,E,466,7lm9,ARG,A,453,5.476667404174805
7b3o,ASP,E,467,7lm9,ASP,A,454,3.03273606300354
7b3o,PHE,E,486,7lm9,LEU,A,472,3.3010475635528564
7b3o,ASN,E,487,7lm9,ASN,A,473,4.7051239013671875
7b3o,CYS,E,488,7lm9,CYS,A,474,5.3677754402160645
7b3o,TYR,E,489,7lm9,TYR,A,475,5.350560188293457
7b3o,PHE,E,490,7lm9,TRP,A,476,5.826589584350586
7b3o,PRO,E,491,7lm9,PRO,A,477,5.616433620452881
7b3o,LEU,E,492,7lm9,LEU,A,478,4.613760948181152
7b3o,GLN,E,493,7lm9,ASN,A,479,4.2203755378723145
7b3o,SER,E,494,7lm9,ASP,A,480,2.1334445476531982
7b3o,TYR,E,495,7lm9,TYR,A,481,4.007938385009766
7b3o,GLY,E,496,7lm9,GLY,A,482,4.385454177856445
7b3o,PHE,E,497,7lm9,PHE,A,483,3.9720752239227295
7b3o,GLN,E,498,7lm9,TYR,A,484,4.551971912384033
7b3o,PRO,E,499,7lm9,THR,A,485,2.123528242111206
7b3o,THR,E,500,7lm9,THR,A,486,5.073917388916016
7b3o,ASN,E,501,7lm9,THR,A,487,5.009892463684082
7b3o,GLY,E,502,7lm9,GLY,A,488,5.49862003326416
7b3o,VAL,E,503,7lm9,ILE,A,489,5.703082084655762
7b3o,GLY,E,504,7lm9,GLY,A,490,5.801880836486816
7b3o,TYR,E,505,7lm9,TYR,A,491,5.803461074829102
7b3o,GLN,E,506,7lm9,GLN,A,492,5.831969261169434
7b3o,PRO,E,507,7lm9,PRO,A,493,5.89871072769165
7b3o,TYR,E,508,7lm9,TYR,A,494,5.618807792663574
7b3o,ARG,E,509,7lm9,ARG,A,495,5.553951740264893
7b3o,VAL,E,510,7lm9,VAL,A,496,5.623353004455566
7b3o,VAL,E,511,7lm9,VAL,A,497,5.660528659820557
7b3o,VAL,E,512,7lm9,VAL,A,498,5.434676170349121
7b3o,LEU,E,513,7lm9,LEU,A,499,5.592578887939453
7b3o,SER,E,514,7lm9,SER,A,500,2.1894495487213135
