Residue,ASA,RSA
29:A:0,120.49319683728868,1.066311476436183
30:A:0,89.6756436685713,0.793589766978507
31:R:0,67.11324538744785,0.2784781966284143
32:R:0,63.051376600341825,0.26162396929602416
33:C:0,9.450132781837,0.06750094844169285
34:Q:0,116.41732516477768,0.6159646834115221
35:S:0,53.39236695126837,0.4376423520595768
36:Q:0,63.281322802056586,0.33482181376749515
37:L:0,13.780839062449099,0.0765602170136061
38:E:0,146.36566673620314,0.7998123865366292
39:R:0,185.66843557168457,0.7704084463555376
40:A:0,27.98476313515649,0.24765277110757958
41:N:0,81.67445817627208,0.5169269504827347
42:L:0,18.831165919301196,0.1046175884405622
43:R:0,141.7921061381048,0.5883489881249162
44:P:0,4.91870950835728,0.03439656998851245
45:C:0,0.0,0.0
46:E:0,19.901720840121435,0.10875257289683844
47:Q:0,65.32621413373022,0.3456413446229112
48:H:0,14.634762932135041,0.075436922330593
49:L:0,1.2241120925409592,0.006800622736338662
50:M:0,79.81292129645493,0.3912398102767399
51:Q:0,47.912171723812705,0.25350355409424713
52:K:0,56.3140464215747,0.26689121526812654
53:I:0,69.95141851943121,0.38434845340346824
54:Q:0,88.79689077303678,0.4698248189049565
55:R:0,145.07647379883036,0.6019770697046903
85:S:0,104.10057994441257,0.8532834421673162
86:Q:0,94.11573898428091,0.49796687293270325
87:H:0,50.63374353152666,0.2609986779975601
88:Q:0,43.899709025379224,0.2322735927268742
89:E:0,105.5005234133792,0.5765055924228372
90:R:0,116.63920831416468,0.4839801174861605
91:C:0,0.0,0.0
92:C:0,25.85064536256255,0.18464746687544678
93:N:0,102.93668903112219,0.6514980318425455
94:E:0,47.38785181801245,0.25895000993449424
95:L:0,0.0,0.0
96:N:0,76.3534893593974,0.4832499326544139
97:E:0,105.98780263632855,0.5791683204170959
98:F:0,0.6373039027391821,0.0029234123978861565
99:E:0,42.01907928084496,0.2296124550865845
100:N:0,119.96894014185705,0.7592970895054243
101:N:0,70.60158328917721,0.44684546385555196
102:Q:0,90.62909828679773,0.47951903855448536
103:R:0,136.76508222391334,0.5674899677340802
104:C:0,1.830799784490107,0.013077141317786478
105:M:0,1.8919624243795274,0.009274325609703565
106:C:0,16.38544899263374,0.11703892137595528
107:E:0,69.2197793757036,0.37825016052297045
108:A:0,0.0,0.0
109:L:0,4.035925824807175,0.02242181013781764
110:Q:0,47.77803607051638,0.25279384164294383
111:Q:0,67.68393928932038,0.358116080895875
112:I:0,2.6598614358281982,0.014614623273781309
113:M:0,1.354590588464264,0.006640149943452274
114:E:0,93.8433589554376,0.512805240193648
115:N:1,82.88180966425358,0.5245684155965417
116:Q:0,9.268075004522832,0.04903743388636419
117:S:0,58.82298790567896,0.48215563857113897
118:D:0,97.23906045223183,0.6439672877631246
119:R:0,188.5432503750942,0.782337138485868
120:L:0,42.3147155754705,0.23508175319705835
121:Q:0,163.57295559374586,0.8654653735118829
122:G:0,30.537438710846516,0.3592639848334884
123:R:0,87.94951727931213,0.3649357563456935
124:Q:0,153.6404260800468,0.812912307301835
125:Q:0,86.89494764135682,0.45976162773204665
126:E:0,52.54748010050596,0.2871447000027648
127:Q:0,70.22763132880822,0.3715747689354932
128:Q:0,39.89642772508488,0.21109221018563426
129:F:0,1.708537934856209,0.00783732997640463
130:K:0,7.43929243953219,0.035257310139962986
131:R:0,139.83971391222718,0.5802477755694074
132:E:0,38.93088165990933,0.21273705825087066
133:L:0,0.0,0.0
134:R:0,111.74344391671144,0.4636657423929935
135:N:0,65.50708508131494,0.4146018043121199
136:L:0,1.0580069874523503,0.005877816596957502
137:P:0,0.0,0.0
138:Q:0,127.57696039935736,0.6750103724833723
139:Q:0,93.33450249116214,0.4938333465140854
140:C:0,23.109133259247855,0.1650652375660561
141:G:0,60.299409096944814,0.709404812905233
142:L:0,20.49418617421788,0.113856589856766
143:R:0,169.0303496787216,0.7013707455548613
144:A:0,43.465580639620434,0.3846511561028357
145:P:0,16.44181411746406,0.11497772110114726
146:Q:0,155.8786732678795,0.8247548850152354
147:R:0,220.00026916721777,0.9128641874158413
148:C:0,31.571882172275178,0.22551344408767984
149:D:0,91.81905460076987,0.6080732092766217
150:L:0,3.580527082003572,0.019891817122242066
151:D:0,98.5789534740488,0.6528407514837669
152:V:0,109.06515581897806,0.6816572238686128
