PDB_ID,Chain,Residue_position,AA,Epitope_score,N_glyco_label
3ob4,A,1,K,1.162606954574585,0
3ob4,A,2,I,1.2027978897094727,0
3ob4,A,3,E,1.2928447723388672,0
3ob4,A,4,E,1.1255481243133545,0
3ob4,A,5,G,0.8710715770721436,0
3ob4,A,6,K,1.0016827583312988,0
3ob4,A,7,L,0.45728540420532227,0
3ob4,A,8,V,0.593379020690918,0
3ob4,A,9,I,0.4669487476348877,0
3ob4,A,10,W,0.9304521083831787,0
3ob4,A,11,I,0.3702206611633301,0
3ob4,A,12,N,0.6559216976165771,0
3ob4,A,13,G,0.8767952919006348,0
3ob4,A,14,D,0.9925417900085449,0
3ob4,A,15,K,0.3503432273864746,0
3ob4,A,16,G,0.01680469512939453,0
3ob4,A,17,Y,0.15198326110839844,0
3ob4,A,18,N,0.5646953582763672,0
3ob4,A,19,G,0.07393980026245117,0
3ob4,A,20,L,-0.13781166076660156,0
3ob4,A,21,A,0.5888552665710449,0
3ob4,A,22,E,0.6175222396850586,0
3ob4,A,23,V,0.2956714630126953,0
3ob4,A,24,G,0.4212949275970459,0
3ob4,A,25,K,0.8365283012390137,0
3ob4,A,26,K,0.7957713603973389,0
3ob4,A,27,F,0.70981764793396,0
3ob4,A,28,E,1.1580307483673096,0
3ob4,A,29,K,1.0546574592590332,0
3ob4,A,30,D,1.1583747863769531,0
3ob4,A,31,T,1.1445012092590332,0
3ob4,A,32,G,1.1409122943878174,0
3ob4,A,33,I,1.14510178565979,0
3ob4,A,34,K,0.964235782623291,0
3ob4,A,35,V,0.5713691711425781,0
3ob4,A,36,T,0.726085901260376,0
3ob4,A,37,V,0.6442739963531494,0
3ob4,A,38,E,1.0356903076171875,0
3ob4,A,39,H,0.819957971572876,0
3ob4,A,40,P,0.8394613265991211,0
3ob4,A,41,D,1.3088984489440918,0
3ob4,A,42,K,1.0898959636688232,0
3ob4,A,43,L,0.8144726753234863,0
3ob4,A,44,E,1.0125226974487305,0
3ob4,A,45,E,1.258533000946045,0
3ob4,A,46,K,1.112720012664795,0
3ob4,A,47,F,0.6563003063201904,0
3ob4,A,48,P,0.5755636692047119,0
3ob4,A,49,Q,1.073775053024292,0
3ob4,A,50,V,0.9609196186065674,0
3ob4,A,51,A,0.7524378299713135,0
3ob4,A,52,A,1.337078332901001,0
3ob4,A,53,T,1.3854396343231201,0
3ob4,A,54,G,1.2063450813293457,0
3ob4,A,55,D,1.4975700378417969,0
3ob4,A,56,G,0.9374067783355713,0
3ob4,A,57,P,0.6717464923858643,0
3ob4,A,58,D,0.7189631462097168,0
3ob4,A,59,I,0.16251778602600098,0
3ob4,A,60,I,0.2653205394744873,0
3ob4,A,61,F,0.0947866439819336,0
3ob4,A,62,W,0.551985502243042,0
3ob4,A,63,A,0.21953701972961426,0
3ob4,A,64,H,0.23070645332336426,0
3ob4,A,65,D,0.5457477569580078,0
3ob4,A,66,R,0.262188196182251,0
3ob4,A,67,F,0.0860590934753418,0
3ob4,A,68,G,0.2677319049835205,0
3ob4,A,69,G,0.5094225406646729,0
3ob4,A,70,Y,0.41855287551879883,0
3ob4,A,71,A,0.46286869049072266,0
3ob4,A,72,Q,0.5487966537475586,0
3ob4,A,73,S,0.6318356990814209,0
3ob4,A,74,G,0.7323513031005859,0
3ob4,A,75,L,0.5824835300445557,0
3ob4,A,76,L,0.28830385208129883,0
3ob4,A,77,A,0.5320703983306885,0
3ob4,A,78,E,0.7899699211120605,0
3ob4,A,79,I,0.46408677101135254,0
3ob4,A,80,T,0.7140319347381592,0
3ob4,A,81,P,0.5940210819244385,0
3ob4,A,82,A,0.5435125827789307,0
3ob4,A,83,A,0.6052083969116211,0
3ob4,A,84,A,0.6750926971435547,0
3ob4,A,85,F,0.5410885810852051,0
3ob4,A,86,Q,0.6886093616485596,0
3ob4,A,87,D,0.7116656303405762,0
3ob4,A,88,K,0.5543742179870605,0
3ob4,A,89,L,0.3814384937286377,0
3ob4,A,90,Y,0.7355999946594238,0
3ob4,A,91,P,0.44912004470825195,0
3ob4,A,92,F,0.31805992126464844,0
3ob4,A,93,T,-0.06581926345825195,0
3ob4,A,94,W,0.15952110290527344,0
3ob4,A,95,D,0.44276952743530273,0
3ob4,A,96,A,-0.13839149475097656,0
3ob4,A,97,V,0.10471987724304199,0
3ob4,A,98,R,0.6881341934204102,0
3ob4,A,99,Y,0.6745994091033936,0
3ob4,A,100,N,0.8006606101989746,0
3ob4,A,101,G,0.7271676063537598,0
3ob4,A,102,K,0.8502945899963379,0
3ob4,A,103,L,0.31082892417907715,0
3ob4,A,104,I,0.23709750175476074,0
3ob4,A,105,A,0.39165425300598145,0
3ob4,A,106,Y,0.4333345890045166,0
3ob4,A,107,P,-0.2557520866394043,0
3ob4,A,108,I,0.09742069244384766,0
3ob4,A,109,A,-0.029694318771362305,0
3ob4,A,110,V,0.07608294486999512,0
3ob4,A,111,E,0.30887913703918457,0
3ob4,A,112,A,0.1358952522277832,0
3ob4,A,113,L,0.12470269203186035,0
3ob4,A,114,S,-0.04008030891418457,0
3ob4,A,115,L,0.13402557373046875,0
3ob4,A,116,I,0.15654993057250977,0
3ob4,A,117,Y,0.6580252647399902,0
3ob4,A,118,N,0.3123939037322998,0
3ob4,A,119,K,0.9278101921081543,0
3ob4,A,120,D,1.3284316062927246,0
3ob4,A,121,L,1.0426290035247803,0
3ob4,A,122,L,0.5935571193695068,0
3ob4,A,123,P,0.9648048877716064,0
3ob4,A,124,N,0.811206579208374,0
3ob4,A,125,P,0.4487290382385254,0
3ob4,A,126,P,0.4057497978210449,0
3ob4,A,127,K,0.555483341217041,0
3ob4,A,128,T,0.3831331729888916,0
3ob4,A,129,W,0.09919190406799316,0
3ob4,A,130,E,0.5286469459533691,0
3ob4,A,131,E,0.784243106842041,0
3ob4,A,132,I,0.3152341842651367,0
3ob4,A,133,P,0.5611362457275391,0
3ob4,A,134,A,0.9240989685058594,0
3ob4,A,135,L,0.7154271602630615,0
3ob4,A,136,D,0.9789731502532959,0
3ob4,A,137,K,1.413120985031128,0
3ob4,A,138,E,1.349808931350708,0
3ob4,A,139,L,1.1284537315368652,0
3ob4,A,140,K,1.393418788909912,0
3ob4,A,141,A,1.5999243259429932,0
3ob4,A,142,K,1.6440277099609375,0
3ob4,A,143,G,1.4544646739959717,0
3ob4,A,144,K,1.061558485031128,0
3ob4,A,145,S,0.3801236152648926,0
3ob4,A,146,A,0.45905494689941406,0
3ob4,A,147,L,0.18555450439453125,0
3ob4,A,148,M,0.18251895904541016,0
3ob4,A,149,F,0.28113460540771484,0
3ob4,A,150,N,0.49753379821777344,0
3ob4,A,151,L,0.3137495517730713,0
3ob4,A,152,Q,0.4021153450012207,0
3ob4,A,153,E,0.8125972747802734,0
3ob4,A,154,P,0.08703351020812988,0
3ob4,A,155,Y,0.5125949382781982,0
3ob4,A,156,F,0.33729052543640137,0
3ob4,A,157,T,-0.22466373443603516,0
3ob4,A,158,W,-0.13833832740783691,0
3ob4,A,159,P,-0.03332161903381348,0
3ob4,A,160,L,-0.3081638813018799,0
3ob4,A,161,I,-0.19826531410217285,0
3ob4,A,162,A,-0.046134233474731445,0
3ob4,A,163,A,0.1070089340209961,0
3ob4,A,164,D,0.5896289348602295,0
3ob4,A,165,G,0.40238022804260254,0
3ob4,A,166,G,0.1659533977508545,0
3ob4,A,167,Y,0.3910675048828125,0
3ob4,A,168,A,0.43707275390625,0
3ob4,A,169,F,0.31951379776000977,0
3ob4,A,170,K,0.7398276329040527,0
3ob4,A,171,Y,0.7503261566162109,0
3ob4,A,172,A,0.7494378089904785,0
3ob4,A,173,A,0.9609766006469727,0
3ob4,A,174,G,0.49952244758605957,0
3ob4,A,175,K,0.7202537059783936,0
3ob4,A,176,Y,0.5205354690551758,0
3ob4,A,177,D,0.8088350296020508,0
3ob4,A,178,I,0.688866138458252,0
3ob4,A,179,K,0.8579056262969971,0
3ob4,A,180,D,0.6453959941864014,0
3ob4,A,181,V,0.20799612998962402,0
3ob4,A,182,G,0.3623995780944824,0
3ob4,A,183,V,0.3052375316619873,0
3ob4,A,184,D,0.608665943145752,0
3ob4,A,185,N,0.4420154094696045,1
3ob4,A,186,A,0.5582926273345947,0
3ob4,A,187,G,0.2817540168762207,0
3ob4,A,188,A,-0.07943916320800781,0
3ob4,A,189,K,0.643733024597168,0
3ob4,A,190,A,0.38130831718444824,0
3ob4,A,191,G,0.08219575881958008,0
3ob4,A,192,L,0.08688926696777344,0
3ob4,A,193,T,0.6823832988739014,0
3ob4,A,194,F,0.35146212577819824,0
3ob4,A,195,L,0.23473715782165527,0
3ob4,A,196,V,0.3785121440887451,0
3ob4,A,197,D,0.9779002666473389,0
3ob4,A,198,L,0.3376481533050537,0
3ob4,A,199,I,0.6361384391784668,0
3ob4,A,200,K,1.1001718044281006,0
3ob4,A,201,N,1.0382380485534668,0
3ob4,A,202,K,1.014477014541626,0
3ob4,A,203,H,0.4793870449066162,0
3ob4,A,204,M,0.2893683910369873,0
3ob4,A,205,N,0.5460212230682373,0
3ob4,A,206,A,0.7092330455780029,0
3ob4,A,207,D,1.1752276420593262,0
3ob4,A,208,T,0.5458621978759766,0
3ob4,A,209,D,0.8663694858551025,0
3ob4,A,210,Y,0.9026069641113281,0
3ob4,A,211,S,0.9657092094421387,0
3ob4,A,212,I,0.8847384452819824,0
3ob4,A,213,A,0.4935035705566406,0
3ob4,A,214,E,0.8905432224273682,0
3ob4,A,215,A,0.8008205890655518,0
3ob4,A,216,A,0.3736870288848877,0
3ob4,A,217,F,0.21190118789672852,0
3ob4,A,218,N,0.6157138347625732,0
3ob4,A,219,K,0.91129469871521,0
3ob4,A,220,G,0.8824515342712402,0
3ob4,A,221,E,0.8951668739318848,0
3ob4,A,222,T,0.1251826286315918,0
3ob4,A,223,A,0.2741093635559082,0
3ob4,A,224,M,0.11391401290893555,0
3ob4,A,225,T,-0.0299835205078125,0
3ob4,A,226,I,0.18814706802368164,0
3ob4,A,227,N,0.11897826194763184,0
3ob4,A,228,G,0.3379638195037842,0
3ob4,A,229,P,0.14013099670410156,0
3ob4,A,230,W,0.5454471111297607,0
3ob4,A,231,A,0.39029622077941895,0
3ob4,A,232,W,0.14414358139038086,0
3ob4,A,233,S,0.48230624198913574,0
3ob4,A,234,N,0.7369899749755859,0
3ob4,A,235,I,0.448714017868042,0
3ob4,A,236,D,1.0176100730895996,0
3ob4,A,237,T,1.1015686988830566,0
3ob4,A,238,S,0.7417948246002197,0
3ob4,A,239,A,1.0845623016357422,0
3ob4,A,240,V,0.7031779289245605,0
3ob4,A,241,N,0.9433395862579346,0
3ob4,A,242,Y,0.6584928035736084,0
3ob4,A,243,G,0.6357326507568359,0
3ob4,A,244,V,0.3928408622741699,0
3ob4,A,245,T,0.30582523345947266,0
3ob4,A,246,V,0.25943756103515625,0
3ob4,A,247,L,0.15484952926635742,0
3ob4,A,248,P,-0.00540924072265625,0
3ob4,A,249,T,0.5380878448486328,0
3ob4,A,250,F,0.4188976287841797,0
3ob4,A,251,K,0.6703565120697021,0
3ob4,A,252,G,0.6710407733917236,0
3ob4,A,253,Q,0.637559175491333,0
3ob4,A,254,P,0.5838203430175781,0
3ob4,A,255,S,0.12956023216247559,0
3ob4,A,256,K,0.2454688549041748,0
3ob4,A,257,P,-0.21406149864196777,0
3ob4,A,258,F,0.2382221221923828,0
3ob4,A,259,V,0.08938097953796387,0
3ob4,A,260,G,0.08565163612365723,0
3ob4,A,261,V,0.11421871185302734,0
3ob4,A,262,L,0.14103150367736816,0
3ob4,A,263,S,0.023858070373535156,0
3ob4,A,264,A,0.15673518180847168,0
3ob4,A,265,G,0.07183218002319336,0
3ob4,A,266,I,0.599268913269043,0
3ob4,A,267,N,0.3843541145324707,0
3ob4,A,268,A,0.8968937397003174,0
3ob4,A,269,A,0.9952189922332764,0
3ob4,A,270,S,0.5544986724853516,0
3ob4,A,271,P,1.2545626163482666,0
3ob4,A,272,N,0.48001956939697266,0
3ob4,A,273,K,1.1651208400726318,0
3ob4,A,274,E,1.0371174812316895,0
3ob4,A,275,L,1.017106294631958,0
3ob4,A,276,A,0.5584254264831543,0
3ob4,A,277,K,0.7799162864685059,0
3ob4,A,278,E,1.055600643157959,0
3ob4,A,279,F,0.262035608291626,0
3ob4,A,280,L,0.24075746536254883,0
3ob4,A,281,E,0.6209466457366943,0
3ob4,A,282,N,0.9143111705780029,0
3ob4,A,283,Y,0.8011982440948486,0
3ob4,A,284,L,0.10529160499572754,0
3ob4,A,285,L,0.314882755279541,0
3ob4,A,286,T,0.7018001079559326,0
3ob4,A,287,D,0.8528368473052979,0
3ob4,A,288,E,0.713829517364502,0
3ob4,A,289,G,0.20675182342529297,0
3ob4,A,290,L,0.3251771926879883,0
3ob4,A,291,E,0.597520112991333,0
3ob4,A,292,A,0.29697728157043457,0
3ob4,A,293,V,0.1194307804107666,0
3ob4,A,294,N,0.411348819732666,0
3ob4,A,295,K,0.8770279884338379,0
3ob4,A,296,D,0.7230358123779297,0
3ob4,A,297,K,0.5648996829986572,0
3ob4,A,298,P,0.5311217308044434,0
3ob4,A,299,L,0.04207754135131836,0
3ob4,A,300,G,0.4322693347930908,0
3ob4,A,301,A,0.29447293281555176,0
3ob4,A,302,V,0.13065791130065918,0
3ob4,A,303,A,-0.007165193557739258,0
3ob4,A,304,L,0.43121790885925293,0
3ob4,A,305,K,0.6469302177429199,0
3ob4,A,306,S,0.5414454936981201,0
3ob4,A,307,Y,0.7333345413208008,0
3ob4,A,308,E,0.48032474517822266,0
3ob4,A,309,E,0.8003826141357422,0
3ob4,A,310,E,0.8409912586212158,0
3ob4,A,311,L,0.6255741119384766,0
3ob4,A,312,A,0.6542892456054688,0
3ob4,A,313,K,1.1841661930084229,0
3ob4,A,314,D,1.115825891494751,0
3ob4,A,315,P,0.7999303340911865,0
3ob4,A,316,R,0.6462421417236328,0
3ob4,A,317,I,0.5870118141174316,0
3ob4,A,318,A,0.5184190273284912,0
3ob4,A,319,A,-0.05461287498474121,0
3ob4,A,320,T,-0.11342072486877441,0
3ob4,A,321,M,0.12239742279052734,0
3ob4,A,322,E,0.47507286071777344,0
3ob4,A,323,N,-0.023155927658081055,0
3ob4,A,324,A,0.08350014686584473,0
3ob4,A,325,Q,0.6014316082000732,0
3ob4,A,326,K,0.7023162841796875,0
3ob4,A,327,G,0.14296817779541016,0
3ob4,A,328,E,0.32813501358032227,0
3ob4,A,329,I,-0.07747817039489746,0
3ob4,A,330,M,0.09855151176452637,0
3ob4,A,331,P,0.01264500617980957,0
3ob4,A,332,N,0.02719283103942871,0
3ob4,A,333,I,0.5250916481018066,0
3ob4,A,334,P,0.4961879253387451,0
3ob4,A,335,Q,0.6316585540771484,0
3ob4,A,336,M,0.42037510871887207,0
3ob4,A,337,S,0.4984893798828125,0
3ob4,A,338,A,0.4576852321624756,0
3ob4,A,339,F,0.1095273494720459,0
3ob4,A,340,W,0.8946285247802734,0
3ob4,A,341,Y,1.1113216876983643,0
3ob4,A,342,A,0.3088235855102539,0
3ob4,A,343,V,0.2974863052368164,0
3ob4,A,344,R,1.218132495880127,0
3ob4,A,345,T,0.7740533351898193,0
3ob4,A,346,A,0.24645161628723145,0
3ob4,A,347,V,0.25327062606811523,0
3ob4,A,348,I,1.0782520771026611,0
3ob4,A,349,N,0.8092465400695801,1
3ob4,A,350,A,0.7009930610656738,0
3ob4,A,351,A,0.7859451770782471,0
3ob4,A,352,S,1.4484083652496338,0
3ob4,A,353,G,1.3634045124053955,0
3ob4,A,354,R,1.3850960731506348,0
3ob4,A,355,Q,1.4014387130737305,0
3ob4,A,356,T,1.3079919815063477,0
3ob4,A,357,V,0.6975736618041992,0
3ob4,A,358,D,1.0722131729125977,0
3ob4,A,359,A,0.9626443386077881,0
3ob4,A,360,A,0.6453151702880859,0
3ob4,A,361,L,0.42319202423095703,0
3ob4,A,362,A,0.5897853374481201,0
3ob4,A,363,A,0.8130471706390381,0
3ob4,A,364,A,0.48674702644348145,0
3ob4,A,365,Q,0.6390011310577393,0
3ob4,A,366,T,0.6246905326843262,0
3ob4,A,367,N,0.6943526268005371,0
3ob4,A,368,A,0.42629098892211914,0
3ob4,A,369,A,0.5240418910980225,0
3ob4,A,370,A,0.8456747531890869,0
3ob4,A,1028,R,1.241938591003418,0
3ob4,A,1029,R,1.1238129138946533,0
3ob4,A,1030,C,0.7783048152923584,0
3ob4,A,1031,Q,0.8838160037994385,0
3ob4,A,1032,S,0.7877259254455566,0
3ob4,A,1033,Q,0.711137056350708,0
3ob4,A,1034,L,0.6393673419952393,0
3ob4,A,1035,E,0.7253327369689941,0
3ob4,A,1036,R,0.9446125030517578,0
3ob4,A,1037,A,0.5516262054443359,0
3ob4,A,1038,N,0.8301939964294434,0
3ob4,A,1039,L,0.31713271141052246,0
3ob4,A,1040,R,1.0792579650878906,0
3ob4,A,1041,P,0.5539135932922363,0
3ob4,A,1042,C,0.3972601890563965,0
3ob4,A,1043,E,0.6914548873901367,0
3ob4,A,1044,Q,0.9506518840789795,0
3ob4,A,1045,H,0.5362133979797363,0
3ob4,A,1046,L,0.462263822555542,0
3ob4,A,1047,M,0.7345311641693115,0
3ob4,A,1048,Q,1.1010944843292236,0
3ob4,A,1049,K,0.8462188243865967,0
3ob4,A,1050,I,0.7438931465148926,0
3ob4,A,1051,Q,1.4572534561157227,0
3ob4,A,1052,R,1.4981794357299805,0
3ob4,A,1053,D,1.208470344543457,0
3ob4,A,1054,E,1.3558881282806396,0
3ob4,A,1055,D,1.533691644668579,0
3ob4,A,1056,S,1.634340524673462,0
3ob4,A,1059,R,2.0113720893859863,0
3ob4,A,1060,D,1.8297808170318604,0
3ob4,A,1061,P,1.8035802841186523,0
3ob4,A,1062,Y,1.8448965549468994,0
3ob4,A,1063,S,1.724639892578125,0
3ob4,A,1064,P,1.6586260795593262,0
3ob4,A,1065,S,1.6271424293518066,0
3ob4,A,1066,Q,1.5944125652313232,0
3ob4,A,1067,D,1.5262413024902344,0
3ob4,A,1068,P,1.272395372390747,0
3ob4,A,1084,H,1.2031285762786865,0
3ob4,A,1085,Q,0.8182346820831299,0
3ob4,A,1086,E,1.2843737602233887,0
3ob4,A,1087,R,1.3248600959777832,0
3ob4,A,1088,C,0.45104432106018066,0
3ob4,A,1089,C,0.6901004314422607,0
3ob4,A,1090,N,0.9518320560455322,0
3ob4,A,1091,E,0.603642463684082,0
3ob4,A,1092,L,0.41941332817077637,0
3ob4,A,1093,N,1.036998987197876,0
3ob4,A,1094,E,0.9851076602935791,0
3ob4,A,1095,F,0.7430260181427002,0
3ob4,A,1096,E,1.1185803413391113,0
3ob4,A,1097,N,1.0666561126708984,0
3ob4,A,1098,N,0.9567177295684814,0
3ob4,A,1099,Q,1.009704828262329,0
3ob4,A,1100,R,1.1135528087615967,0
3ob4,A,1101,C,0.6654343605041504,0
3ob4,A,1102,M,0.38030481338500977,0
3ob4,A,1103,C,0.46083688735961914,0
3ob4,A,1104,E,0.4695131778717041,0
3ob4,A,1105,A,0.1944742202758789,0
3ob4,A,1106,L,0.30713701248168945,0
3ob4,A,1107,Q,0.6270966529846191,0
3ob4,A,1108,Q,0.6357355117797852,0
3ob4,A,1109,I,0.27541089057922363,0
3ob4,A,1110,M,0.4790318012237549,0
3ob4,A,1111,E,0.7168455123901367,0
3ob4,A,1112,N,0.6896162033081055,0
3ob4,A,1113,Q,0.7092154026031494,0
3ob4,A,1114,S,0.5861766338348389,0
3ob4,A,1115,D,1.2528305053710938,0
3ob4,A,1116,R,1.422663688659668,0
3ob4,A,1117,L,1.0839509963989258,0
3ob4,A,1118,Q,1.602940559387207,0
3ob4,A,1119,G,1.3781111240386963,0
3ob4,A,1120,R,1.5982322692871094,0
3ob4,A,1121,Q,1.4608116149902344,0
3ob4,A,1122,Q,1.0975258350372314,0
3ob4,A,1123,E,0.8779914379119873,0
3ob4,A,1124,Q,1.0799963474273682,0
3ob4,A,1125,Q,0.9305202960968018,0
3ob4,A,1126,F,0.5062289237976074,0
3ob4,A,1127,K,0.76346755027771,0
3ob4,A,1128,R,1.1250791549682617,0
3ob4,A,1129,E,0.6604154109954834,0
3ob4,A,1130,L,0.3162086009979248,0
3ob4,A,1131,R,0.7461395263671875,0
3ob4,A,1132,N,0.7248194217681885,0
3ob4,A,1133,L,0.3792152404785156,0
3ob4,A,1134,P,0.3568105697631836,0
3ob4,A,1135,Q,0.951441764831543,0
3ob4,A,1136,Q,1.0781686305999756,0
3ob4,A,1137,C,0.45381712913513184,0
3ob4,A,1138,G,0.9859979152679443,0
3ob4,A,1139,L,0.8362574577331543,0
3ob4,A,1140,R,1.2876882553100586,0
3ob4,A,1141,A,0.7004296779632568,0
3ob4,A,1142,P,0.6811633110046387,0
3ob4,A,1143,Q,1.0144567489624023,0
3ob4,A,1144,R,1.1217823028564453,0
3ob4,A,1145,C,0.5332982540130615,0
3ob4,A,1146,D,0.7713031768798828,0
3ob4,A,1147,L,0.5381221771240234,0
3ob4,A,1148,D,0.7002682685852051,0
