PDB_ID,Chain,Residue positon,AA,Epitope_score
7lm9,A,320,T,0.9111766815185547
7lm9,A,321,N,1.0470125675201416
7lm9,A,322,L,1.1773808002471924
7lm9,A,323,C,0.9425904750823975
7lm9,A,324,P,1.2416419982910156
7lm9,A,325,F,1.2191047668457031
7lm9,A,326,G,1.4845988750457764
7lm9,A,327,E,1.569690465927124
7lm9,A,328,V,1.3793346881866455
7lm9,A,329,F,1.6197218894958496
7lm9,A,330,N,1.4744300842285156
7lm9,A,331,A,1.45084547996521
7lm9,A,332,T,1.4994885921478271
7lm9,A,333,K,1.4552409648895264
7lm9,A,334,F,1.0711338520050049
7lm9,A,335,P,0.706390380859375
7lm9,A,336,S,0.4297325611114502
7lm9,A,337,V,0.398296594619751
7lm9,A,338,Y,0.35138821601867676
7lm9,A,339,A,0.31694722175598145
7lm9,A,340,W,0.3840460777282715
7lm9,A,341,E,0.553302526473999
7lm9,A,342,R,0.5726983547210693
7lm9,A,343,K,0.8447587490081787
7lm9,A,344,K,0.799858570098877
7lm9,A,345,I,0.7269110679626465
7lm9,A,346,S,0.8569848537445068
7lm9,A,347,N,0.7695786952972412
7lm9,A,348,C,0.4648756980895996
7lm9,A,349,V,0.3843574523925781
7lm9,A,350,A,0.05937385559082031
7lm9,A,351,D,0.38051700592041016
7lm9,A,352,Y,0.27983570098876953
7lm9,A,353,S,0.4284090995788574
7lm9,A,354,V,0.47579503059387207
7lm9,A,355,L,0.4103860855102539
7lm9,A,356,Y,0.5572376251220703
7lm9,A,357,N,0.7789938449859619
7lm9,A,358,S,0.6541414260864258
7lm9,A,359,T,0.8855974674224854
7lm9,A,360,F,0.8825483322143555
7lm9,A,361,F,0.5398354530334473
7lm9,A,362,S,0.6078948974609375
7lm9,A,363,T,0.4946904182434082
7lm9,A,364,F,0.41373348236083984
7lm9,A,365,K,0.5823140144348145
7lm9,A,366,C,0.3173642158508301
7lm9,A,367,Y,0.4691793918609619
7lm9,A,368,G,0.543257474899292
7lm9,A,369,V,0.5212759971618652
7lm9,A,370,S,0.6889443397521973
7lm9,A,371,A,0.5081138610839844
7lm9,A,372,T,0.7713813781738281
7lm9,A,373,K,0.8451681137084961
7lm9,A,374,L,0.30214357376098633
7lm9,A,375,N,0.5105156898498535
7lm9,A,376,D,0.7112772464752197
7lm9,A,377,L,0.4035344123840332
7lm9,A,378,C,0.29854559898376465
7lm9,A,379,F,0.26670169830322266
7lm9,A,380,S,0.4007303714752197
7lm9,A,381,N,0.3456544876098633
7lm9,A,382,V,0.31190919876098633
7lm9,A,383,Y,0.42835092544555664
7lm9,A,384,A,0.2723870277404785
7lm9,A,385,D,0.27252793312072754
7lm9,A,386,S,0.16748762130737305
7lm9,A,387,F,0.0489201545715332
7lm9,A,388,V,0.3141920566558838
7lm9,A,389,V,0.04143524169921875
7lm9,A,390,K,0.3198275566101074
7lm9,A,391,G,0.31380796432495117
7lm9,A,392,D,0.6542925834655762
7lm9,A,393,D,0.397327184677124
7lm9,A,394,V,0.241502046585083
7lm9,A,395,R,0.7026710510253906
7lm9,A,396,Q,0.44852566719055176
7lm9,A,397,I,0.04358482360839844
7lm9,A,398,A,0.3631143569946289
7lm9,A,399,P,0.32349467277526855
7lm9,A,400,G,0.4240999221801758
7lm9,A,401,Q,0.7540385723114014
7lm9,A,402,T,0.6174201965332031
7lm9,A,403,G,0.5377199649810791
7lm9,A,404,V,0.5681881904602051
7lm9,A,405,I,0.33453893661499023
7lm9,A,406,A,0.2817814350128174
7lm9,A,407,D,0.40553879737854004
7lm9,A,408,Y,0.22676444053649902
7lm9,A,409,N,0.04570460319519043
7lm9,A,410,Y,0.2687642574310303
7lm9,A,411,K,0.37133002281188965
7lm9,A,412,L,0.2277851104736328
7lm9,A,413,P,0.31555628776550293
7lm9,A,414,D,0.6732218265533447
7lm9,A,415,D,0.7807753086090088
7lm9,A,416,F,0.43081021308898926
7lm9,A,417,M,0.5675392150878906
7lm9,A,418,G,0.15653705596923828
7lm9,A,419,C,0.25872015953063965
7lm9,A,420,V,0.2870521545410156
7lm9,A,421,L,0.2832906246185303
7lm9,A,422,A,0.22244644165039062
7lm9,A,423,W,0.7210221290588379
7lm9,A,424,N,0.5869336128234863
7lm9,A,425,T,0.7686913013458252
7lm9,A,426,R,1.1125719547271729
7lm9,A,427,N,1.1967310905456543
7lm9,A,428,I,1.3439686298370361
7lm9,A,429,D,1.3007903099060059
7lm9,A,430,A,1.2781836986541748
7lm9,A,431,T,1.459470272064209
7lm9,A,432,S,1.6318721771240234
7lm9,A,433,T,1.88063383102417
7lm9,A,434,G,1.5405893325805664
7lm9,A,435,N,1.4656178951263428
7lm9,A,436,H,1.53627347946167
7lm9,A,437,N,1.209841251373291
7lm9,A,438,Y,0.951223611831665
7lm9,A,439,K,0.9090261459350586
7lm9,A,440,Y,0.4297142028808594
7lm9,A,441,R,0.522946834564209
7lm9,A,442,Y,0.2894589900970459
7lm9,A,443,L,0.30443382263183594
7lm9,A,444,R,0.47133731842041016
7lm9,A,445,H,0.38778066635131836
7lm9,A,446,G,0.2062067985534668
7lm9,A,447,K,0.24092864990234375
7lm9,A,448,L,0.10773706436157227
7lm9,A,449,R,0.3385486602783203
7lm9,A,450,P,0.08493781089782715
7lm9,A,451,F,0.22060918807983398
7lm9,A,452,E,0.32962489128112793
7lm9,A,453,R,0.39125561714172363
7lm9,A,454,D,0.3346669673919678
7lm9,A,455,I,0.4377145767211914
7lm9,A,456,S,0.5071008205413818
7lm9,A,457,N,0.7212574481964111
7lm9,A,458,V,0.7692062854766846
7lm9,A,459,P,1.0800485610961914
7lm9,A,460,F,0.7029471397399902
7lm9,A,461,S,0.9494080543518066
7lm9,A,462,P,0.8499188423156738
7lm9,A,463,D,1.1974356174468994
7lm9,A,464,G,0.7554306983947754
7lm9,A,465,K,1.2590878009796143
7lm9,A,466,P,0.8802266120910645
7lm9,A,467,C,1.1535017490386963
7lm9,A,468,T,1.4927810430526733
7lm9,A,469,P,1.7755545377731323
7lm9,A,470,P,1.9178311824798584
7lm9,A,471,A,1.780830979347229
7lm9,A,472,L,2.057849407196045
7lm9,A,473,N,1.7927260398864746
7lm9,A,474,C,1.3784208297729492
7lm9,A,475,Y,1.3975389003753662
7lm9,A,476,W,1.483332872390747
7lm9,A,477,P,0.742262601852417
7lm9,A,478,L,0.898019552230835
7lm9,A,479,N,0.920994758605957
7lm9,A,480,D,1.1694142818450928
7lm9,A,481,Y,0.6987953186035156
7lm9,A,482,G,0.8820335865020752
7lm9,A,483,F,0.6503274440765381
7lm9,A,484,Y,0.9428319931030273
7lm9,A,485,T,0.7760887145996094
7lm9,A,486,T,0.8348965644836426
7lm9,A,487,T,0.8735015392303467
7lm9,A,488,G,0.8188257217407227
7lm9,A,489,I,0.6672136783599854
7lm9,A,490,G,0.5656802654266357
7lm9,A,491,Y,0.7076308727264404
7lm9,A,492,Q,0.37381553649902344
7lm9,A,493,P,0.1434464454650879
7lm9,A,494,Y,0.2171320915222168
7lm9,A,495,R,0.5346870422363281
7lm9,A,496,V,0.09894347190856934
7lm9,A,497,V,0.05323004722595215
7lm9,A,498,V,0.056640625
7lm9,A,499,L,0.1611473560333252
7lm9,A,500,S,0.2742574214935303
7lm9,A,501,F,0.2726290225982666
7lm9,A,502,E,0.6914618015289307
7lm9,A,503,L,1.0083634853363037
7lm9,A,504,L,1.0530712604522705
7lm9,A,507,P,1.03299880027771
7lm9,A,508,A,0.7619547843933105
7lm9,A,509,T,0.5297636985778809
7lm9,A,510,V,0.20664596557617188
7lm9,A,511,C,0.17795538902282715
7lm9,A,512,G,0.16080665588378906
7lm9,A,513,P,0.29275012016296387
