Seq_pos,AA,Epitope_score,N_glyco_label
1,M,0.20934481918811798,0
2,A,0.22708910703659058,0
3,K,0.2840632498264313,0
4,L,0.1679118424654007,0
5,T,0.22989311814308167,0
6,I,0.4006461799144745,0
7,L,0.32925593852996826,0
8,V,0.2208794355392456,0
9,A,0.25091803073883057,0
10,L,0.4182977080345154,0
11,A,0.3742915689945221,0
12,L,0.35781508684158325,0
13,F,0.40639567375183105,0
14,L,0.49631252884864807,0
15,L,0.35471415519714355,0
16,A,0.4281438887119293,0
17,A,0.43414658308029175,0
18,H,0.4993075132369995,0
19,A,0.5655552744865417,0
20,S,0.3250619173049927,0
21,A,0.375785768032074,0
22,R,0.367024302482605,0
23,Q,0.3073248863220215,0
24,Q,0.43932634592056274,0
25,W,0.4224836826324463,0
26,E,0.5396655797958374,0
27,L,0.42607471346855164,0
28,Q,0.555438756942749,0
29,G,0.4525599479675293,0
30,D,0.5728601217269897,0
31,R,0.5395724773406982,0
32,R,0.36571255326271057,0
33,C,0.3584921956062317,0
34,Q,0.35106074810028076,0
35,S,0.3328644037246704,0
36,Q,0.332610160112381,0
37,L,0.25552302598953247,0
38,E,0.359467476606369,0
39,R,0.5469586849212646,0
40,A,0.33223801851272583,0
41,N,0.5287767052650452,0
42,L,0.24459953606128693,0
43,R,0.5240157246589661,0
44,P,0.15898311138153076,0
45,C,0.20348502695560455,0
46,E,0.13574425876140594,0
47,Q,0.38220149278640747,0
48,H,0.24899891018867493,0
49,L,0.2399243414402008,0
50,M,0.3746957778930664,0
51,Q,0.5690307021141052,0
52,K,0.30876001715660095,0
53,I,0.34853416681289673,0
54,Q,0.6554287672042847,0
55,R,0.7440601587295532,0
56,D,0.5955340266227722,0
57,E,0.6349599957466125,0
58,D,0.7865369915962219,0
59,S,0.6111229658126831,0
60,Y,0.7500486373901367,0
61,E,0.6960287690162659,0
62,R,0.843474268913269,0
63,D,0.7606561183929443,0
64,P,0.647963285446167,0
65,Y,0.7443368434906006,0
66,S,0.6968458294868469,0
67,P,0.6375219225883484,0
68,S,0.5018503665924072,0
69,Q,0.721967339515686,0
70,D,0.6612698435783386,0
71,P,0.6960760354995728,0
72,Y,0.7031053304672241,0
73,S,0.5931255221366882,0
74,P,0.5956072807312012,0
75,S,0.5269045829772949,0
76,P,0.6138998866081238,0
77,Y,0.6080583930015564,0
78,D,0.6921383738517761,0
79,R,0.7272931933403015,0
80,R,0.8288908004760742,0
81,G,0.6927416920661926,0
82,A,0.7399457693099976,0
83,G,0.7425358891487122,0
84,S,0.593582808971405,0
85,S,0.4629698693752289,0
86,Q,0.6770244836807251,0
87,H,0.47167515754699707,0
88,Q,0.2407333254814148,0
89,E,0.5411580801010132,0
90,R,0.5421977043151855,0
91,C,-0.030830735340714455,0
92,C,0.1975807398557663,0
93,N,0.29540422558784485,0
94,E,0.3442879319190979,0
95,L,0.2337646186351776,0
96,N,0.3863374888896942,0
97,E,0.4828855097293854,0
98,F,0.439272940158844,0
99,E,0.721069872379303,0
100,N,0.694976806640625,0
101,N,0.6340214014053345,0
102,Q,0.680892288684845,0
103,R,0.5796761512756348,0
104,C,0.21052224934101105,0
105,M,0.23851963877677917,0
106,C,0.36302873492240906,0
107,E,0.259294331073761,0
108,A,0.040741611272096634,0
109,L,0.2945736348628998,0
110,Q,0.5497297048568726,0
111,Q,0.19766032695770264,0
112,I,0.15253570675849915,0
113,M,0.22529242932796478,0
114,E,0.44341564178466797,0
115,N,0.3167336583137512,1
116,Q,0.28983479738235474,0
117,S,0.23410479724407196,0
118,D,0.4187243580818176,0
119,R,0.34691375494003296,0
120,L,0.361581027507782,0
121,Q,0.4027503430843353,0
122,G,0.3509191870689392,0
123,R,0.617893397808075,0
124,Q,0.501051664352417,0
125,Q,0.26968246698379517,0
126,E,0.2537916898727417,0
127,Q,0.6183887720108032,0
128,Q,0.521660327911377,0
129,F,0.3292616009712219,0
130,K,0.5689165592193604,0
131,R,0.7804913520812988,0
132,E,0.4812817871570587,0
133,L,0.537464439868927,0
134,R,0.8449180126190186,0
135,N,0.9150217175483704,0
136,L,0.4946141839027405,0
137,P,0.6536768674850464,0
138,Q,0.8483661413192749,0
139,Q,0.7282007336616516,0
140,C,0.4421401619911194,0
141,G,0.7022577524185181,0
142,L,0.6295331120491028,0
143,R,1.0185970067977905,0
144,A,0.9195691347122192,0
145,P,1.0049383640289307,0
146,Q,1.1000361442565918,0
147,R,0.9974532127380371,0
148,C,0.6565008163452148,0
149,D,0.7012567520141602,0
150,L,0.5454432964324951,0
151,D,0.5227638483047485,0
152,V,0.4065611660480499,0
153,E,0.5574041604995728,0
154,S,0.4609675407409668,0
155,G,0.5233020782470703,0
156,G,0.5293344259262085,0
